"","date","profit","AMZN"
"1",2015-07-07,0.00155825686283251,1
"2",2015-07-08,-0.0162049410558893,0
"3",2015-07-09,0.0108554639207004,1
"4",2015-07-10,0.0207775893290476,1
"5",2015-07-13,0.0268290255787953,1
"6",2015-07-14,0.0217130788510236,1
"7",2015-07-15,-0.00945236645775083,0
"8",2015-07-16,0.0305147333177151,1
"9",2015-07-17,0.0157125348285607,1
"10",2015-07-20,0.0104829371101633,1
"11",2015-07-21,-0.000204909332516934,0
"12",2015-07-22,0.000553103157783674,1
"13",2015-07-23,-0.0125510352071778,0
"14",2015-07-27,0.00375176497036023,1
"15",2015-07-28,-0.0101755000946708,0
"16",2015-07-29,0.00563013139651236,1
"17",2015-07-30,0.0145626540047576,1
"18",2015-07-31,-0.00113706843331141,0
"19",2015-08-03,-0.00209114313694858,0
"20",2015-08-04,-0.00586732742326301,0
"21",2015-08-05,0.0095611880615003,1
"22",2015-08-06,-0.0141590741563791,0
"23",2015-08-07,-0.0130030478000851,0
"24",2015-08-10,0.00263707134647184,1
"25",2015-08-11,0.00658139047942363,1
"26",2015-08-12,-0.0029430307036673,0
"27",2015-08-13,0.00710519618408778,1
"28",2015-08-14,0.00350562377197861,1
"29",2015-08-17,0.00693695908738778,1
"30",2015-08-18,-0.00037365638362985,0
"31",2015-08-19,-0.00393287956433408,0
"32",2015-08-20,-0.0326909129901649,0
"33",2015-08-21,-0.0421938902980754,0
"34",2015-08-25,0.00645343955080069,1
"35",2015-08-27,0.0345423714754842,1
"36",2015-08-28,-0.000694696950425566,0
"37",2015-08-31,-0.00993313992387179,0
"38",2015-09-01,-0.032397364160035,0
"39",2015-09-02,0.0278244901842948,1
"40",2015-09-03,-0.0114847304536321,0
"41",2015-09-04,-0.0113977262923317,0
"42",2015-09-08,0.0364806785781226,1
"43",2015-09-09,-0.00125665939683284,0
"44",2015-09-10,0.0102971182545941,1
"45",2015-09-11,0.0136926147634755,1
"46",2015-09-14,-0.0153406958634461,0
"47",2015-09-15,0.00189698739521571,1
"48",2015-09-16,0.00956420175826445,1
"49",2015-09-17,0.0215340039150096,1
"50",2015-09-18,0.00257617851847058,1
"51",2015-09-21,0.0149362163352436,1
"52",2015-09-22,-0.0183849171025958,0
"53",2015-09-23,-0.00433706029036429,0
"54",2015-09-24,-0.00433719807384136,0
"55",2015-09-25,-0.0179588947608051,0
"56",2015-09-28,-0.0392733651450001,0
"57",2015-09-29,-0.0159782447266972,0
"58",2015-09-30,0.0313927276001209,1
"59",2015-10-01,0.0171026260615585,1
"60",2015-10-02,0.0224455572498403,1
"61",2015-10-05,0.0207028547864949,1
"62",2015-10-06,-0.0114693128118253,0
"63",2015-10-07,0.00826378509873926,1
"64",2015-10-08,-0.0163337818009026,0
"65",2015-10-09,0.0123771622590905,1
"66",2015-10-12,0.0190649983979476,1
"67",2015-10-13,-0.00234735747174231,0
"68",2015-10-14,-0.00744246867874399,0
"69",2015-10-15,0.0318106146776405,1
"70",2015-10-16,0.014684358304323,1
"71",2015-10-19,0.00417868085199924,1
"72",2015-10-20,-0.0216405166215976,0
"73",2015-10-21,-0.00915241222598251,0
"74",2015-10-22,0.0145400408293392,1
"75",2015-10-26,0.0158659150896563,1
"76",2015-10-27,0.00393569818109718,1
"77",2015-10-28,0.00991770441931106,1
"78",2015-10-29,0.0151975140233613,1
"79",2015-10-30,-0.0010379081833527,0
"80",2015-11-02,0.00390664559044041,1
"81",2015-11-03,-0.00484977429523159,0
"82",2015-11-04,0.0247039459097049,1
"83",2015-11-05,0.0226756771019758,1
"84",2015-11-06,0.00565767953196783,1
"85",2015-11-09,-0.00590179381280098,0
"86",2015-11-10,0.00637182604588915,1
"87",2015-11-11,0.0203618733443234,1
"88",2015-11-12,-0.0114278782424018,0
"89",2015-11-13,-0.0355555643344969,0
"90",2015-11-16,0.00846415127917677,1
"91",2015-11-17,-0.00698628063084783,0
"92",2015-11-18,0.0309779453966854,1
"93",2015-11-19,-0.00342684645318414,0
"94",2015-11-20,0.0107993586744701,1
"95",2015-11-23,0.0156447678008771,1
"96",2015-11-24,-0.0116136904888249,0
"97",2015-11-25,0.00622361304680563,1
"98",2015-11-27,-0.00308470798203508,0
"99",2015-11-30,-0.0126453742672359,0
"100",2015-12-01,0.0212232604617784,1
"101",2015-12-02,-0.00450160232683583,0
"102",2015-12-03,-0.014542908145585,0
"103",2015-12-04,0.00954531506866729,1
"104",2015-12-07,-0.00418631632266298,0
"105",2015-12-08,0.0111346496308009,1
"106",2015-12-09,-0.0186874556398422,0
"107",2015-12-10,-0.00372233481755746,0
"108",2015-12-11,-0.0340462720160595,0
"109",2015-12-14,0.0273655414323875,1
"110",2015-12-15,0.00110902294858395,1
"111",2015-12-16,0.0256756852944369,1
"112",2015-12-17,-0.00760538392453203,0
"113",2015-12-18,-0.0097544339230895,0
"114",2015-12-21,0.000556948786515576,1
"115",2015-12-22,-0.00204869686643416,0
"116",2015-12-23,0.000829013101069087,1
"117",2015-12-24,-0.00137209349430911,0
"118",2015-12-28,0.018550796316231,1
"119",2015-12-29,0.0274197290639462,1
"120",2015-12-30,-0.00708581758981275,0
"121",2015-12-31,-0.0193125094266033,0
"122",2016-01-05,-0.00503630659034471,0
"123",2016-01-06,-0.00180025000169426,0
"124",2016-01-07,-0.0398411883951075,0
"125",2016-01-08,-0.00146505595357738,0
"126",2016-01-11,0.0174565005491738,1
"127",2016-01-12,0.000242831592191628,1
"128",2016-01-14,0.0190504684847594,1
"129",2016-01-15,-0.0392423108232718,0
"130",2016-01-19,0.00751316081351483,1
"131",2016-01-20,-0.00472840139420772,0
"132",2016-01-21,0.00566800998878225,1
"133",2016-01-22,0.0364731985890838,1
"134",2016-01-25,0.000251526094198873,1
"135",2016-01-26,0.00788123915414474,1
"136",2016-01-27,-0.0302235132917872,0
"137",2016-02-01,-0.0209852718983683,0
"138",2016-02-02,-0.0403104021101166,0
"139",2016-02-03,-0.038835293343122,0
"140",2016-02-04,0.00972528425818364,1
"141",2016-02-08,-0.0283387450816459,0
"142",2016-02-09,-0.0124309689431801,0
"143",2016-02-10,0.0172951796389578,1
"144",2016-02-11,0.0268345494359359,1
"145",2016-02-12,0.00644968111616695,1
"146",2016-02-16,0.0272731594252038,1
"147",2016-02-17,0.0246411265515691,1
"148",2016-02-18,-0.0171847798186944,0
"149",2016-02-19,0.0186815958137796,1
"150",2016-02-22,0.0449636693465765,1
"151",2016-02-23,-0.0117940275949096,0
"152",2016-02-24,0.00198734644150278,1
"153",2016-02-25,0.00200154413326015,1
"154",2016-02-26,0.000144015561970079,1
"155",2016-02-29,-0.00489273826426029,0
"156",2016-03-01,0.0468818537919677,1
"157",2016-03-02,0.00201862307062584,1
"158",2016-03-03,-0.00469903597974497,0
"159",2016-03-04,-0.00407759340958691,0
"160",2016-03-07,-0.0216892115845324,0
"161",2016-03-08,-0.00452332437319924,0
"162",2016-03-09,-0.00141112436838142,0
"163",2016-03-10,-0.000965626000248854,0
"164",2016-03-11,0.0189276606131834,1
"165",2016-03-14,0.00657933407282574,1
"166",2016-03-15,0.00634573875083699,1
"167",2016-03-16,-0.00477725878717017,0
"168",2016-03-17,-0.0261634168555034,0
"169",2016-03-18,-0.0132432928656305,0
"170",2016-03-21,0.00343555480522006,1
"171",2016-03-22,0.0116649748552717,1
"172",2016-03-23,0.016193512262304,1
"173",2016-03-24,0.0231144039364759,1
"174",2016-03-28,-0.00529750810010832,0
"175",2016-03-29,0.0238396442250197,1
"176",2016-03-30,0.00810036218708277,1
"177",2016-03-31,-0.00847083798079407,0
"178",2016-04-01,0.00815342470257097,1
"179",2016-04-04,-0.00891176922557868,0
"180",2016-04-05,-0.0119560612883873,0
"181",2016-04-06,0.0268316605965158,1
"182",2016-04-07,-0.0178470336962304,0
"183",2016-04-08,0.00534554881638005,1
"184",2016-04-11,0.00223432855609573,1
"185",2016-04-12,0.0120758537676737,1
"186",2016-04-13,0.0191305009006317,1
"187",2016-04-14,0.00959887096314826,1
"188",2016-04-15,0.008246236387488,1
"189",2016-04-18,0.0150013296003237,1
"190",2016-04-19,-0.0117950340333781,0
"191",2016-04-20,0.00807365209033239,1
"192",2016-04-21,-0.00314874589182956,0
"193",2016-04-22,-0.016780257896551,0
"194",2016-04-25,0.00914422341084986,1
"195",2016-04-26,-0.0149953044255025,0
"196",2016-04-27,-0.0168543740423894,0
"197",2016-04-28,-0.0075627042787989,0
"198",2016-05-02,0.036120089430562,1
"199",2016-05-03,-0.0184926263649468,0
"200",2016-05-04,-0.000625803525512225,0
"201",2016-05-05,-0.0177599936370578,0
"202",2016-05-06,0.0222958052851272,1
"203",2016-05-09,0.00856914152282595,1
"204",2016-05-10,0.0337313865547992,1
"205",2016-05-11,0.0143474509326822,1
"206",2016-05-12,0.00656814050894194,1
"207",2016-05-13,-0.0112197978247641,0
"208",2016-05-16,0.00104181403349379,1
"209",2016-05-17,-0.0218937896208988,0
"210",2016-05-18,0.00313055564694409,1
"211",2016-05-19,0.00153299595983025,1
"212",2016-05-20,0.00610849953477466,1
"213",2016-05-23,-0.00864567287632578,0
"214",2016-05-24,0.0106357573995082,1
"215",2016-05-25,0.00587586418223829,1
"216",2016-05-26,0.00921833493452429,1
"217",2016-05-27,-0.00374170365312398,0
"218",2016-05-31,0.0147037738737756,1
"219",2016-06-01,-0.00464555871278005,0
"220",2016-06-02,0.012157516079097,1
"221",2016-06-03,-0.00371447559306581,0
"222",2016-06-06,0.00163881688769862,1
"223",2016-06-07,-0.00412279371102997,0
"224",2016-06-08,0.00399899178801721,1
"225",2016-06-09,0.00138900650530793,1
"226",2016-06-10,-0.0134760209493283,0
"227",2016-06-13,-0.00372603866721555,0
"228",2016-06-14,0.00566036346474341,1
"229",2016-06-15,-0.00703144447701209,0
"230",2016-06-16,0.00453984304255872,1
"231",2016-06-17,-0.015619384617084,0
"232",2016-06-20,0.0107294677102665,1
"233",2016-06-21,0.00253176663700749,1
"234",2016-06-22,-0.0073190986735101,0
"235",2016-06-23,0.0160263098091376,1
"236",2016-06-24,-0.0325424121566149,0
"237",2016-06-27,-0.0109328969779172,0
"238",2016-06-28,0.0237128361940728,1
"239",2016-06-29,0.0107478314149452,1
"240",2016-06-30,2.79747354099413e-05,1
"241",2016-07-01,0.0139598438288795,1
"242",2016-07-05,0.00332923177759614,1
"243",2016-07-06,0.0129768408601034,1
"244",2016-07-07,-0.00141092428084466,0
"245",2016-07-08,0.0124665883762498,1
"246",2016-07-11,0.0106297133234765,1
"247",2016-07-12,-0.00741687007858793,0
"248",2016-07-13,-0.00748577037923592,0
"249",2016-07-14,-0.00192743565815423,0
"250",2016-07-15,-0.00780154832620727,0
"251",2016-07-18,0.000856270136988968,1
"252",2016-07-19,0.00525740015322018,1
"253",2016-07-20,0.00776752317350038,1
"254",2016-07-21,-0.00173134027231381,0
"255",2016-07-22,0.000577445653029862,1
"256",2016-07-25,-0.00707326115671414,0
"257",2016-07-26,-0.00545006496443268,0
"258",2016-07-27,0.00146707264527191,1
"259",2016-07-28,0.0214071377677048,1
"260",2016-07-29,0.00820426863031543,1
"261",2016-08-01,0.0116997070960654,1
"262",2016-08-02,-0.00936979866803256,0
"263",2016-08-03,-0.00784048825093819,0
"264",2016-08-04,0.00809027034758447,1
"265",2016-08-05,0.0068249290626019,1
"266",2016-08-08,0.000756936896942229,1
"267",2016-08-09,0.00228032440907189,1
"268",2016-08-10,0.000325336564388046,1
"269",2016-08-11,0.00348096470584913,1
"270",2016-08-12,0.0017100768648044,1
"271",2016-08-15,-0.00528213555015267,0
"272",2016-08-16,-0.00580742249708432,0
"273",2016-08-17,0.000771948211008677,1
"274",2016-08-18,-0.000222332233810185,0
"275",2016-08-19,-0.00939705280161096,0
"276",2016-08-22,0.00286128404318919,1
"277",2016-08-23,0.00390298605835149,1
"278",2016-08-24,-0.00684349839241172,0
"279",2016-08-25,0.00259810236378399,1
"280",2016-08-26,0.0127994172345138,1
"281",2016-08-29,0.00297343970280206,1
"282",2016-08-30,-0.00482167850391946,0
"283",2016-08-31,0.00205624447462949,1
"284",2016-09-01,0.00189640399005686,1
"285",2016-09-02,0.00235895927250951,1
"286",2016-09-06,0.0210471969646591,1
"287",2016-09-07,-0.00558048299805414,0
"288",2016-09-08,-0.000535506924817852,0
"289",2016-09-09,-0.0309828989082863,0
"290",2016-09-12,0.0148210504192567,1
"291",2016-09-13,-0.0136771854742319,0
"292",2016-09-14,0.000105140264277992,1
"293",2016-09-15,0.011236187194962,1
"294",2016-09-16,0.0114068680846557,1
"295",2016-09-19,-0.00440268474042593,0
"296",2016-09-20,0.006583871703981,1
"297",2016-09-21,0.0121278706770491,1
"298",2016-09-22,0.0187657873597287,1
"299",2016-09-23,0.00130396863107052,1
"300",2016-09-26,-0.00821237844927492,0
"301",2016-09-27,0.0209879891742952,1
"302",2016-09-28,0.0153331753355532,1
"303",2016-09-29,0.000398145716862253,1
"304",2016-09-30,0.00991391742808556,1
"305",2016-10-03,-0.000680992833086869,0
"306",2016-10-04,-0.0032439693622317,0
"307",2016-10-05,0.0123095184671849,1
"308",2016-10-06,-0.00320282603449584,0
"309",2016-10-07,-0.00265301840244003,0
"310",2016-10-10,0.00271248126581902,1
"311",2016-10-11,-0.0128057681463698,0
"312",2016-10-12,0.00371154772070881,1
"313",2016-10-13,-0.00578345316466677,0
"314",2016-10-14,-0.00765026585594697,0
"315",2016-10-17,-0.012238001752924,0
"316",2016-10-18,0.00576477972819234,1
"317",2016-10-19,4.88925842603294e-05,1
"318",2016-10-20,-0.00905405409796778,0
"319",2016-10-21,0.0106426215390512,1
"320",2016-10-24,0.0230536639432435,1
"321",2016-10-25,-0.003478263399324,0
"322",2016-10-26,-0.0151893301311956,0
"323",2016-10-27,-0.00515561271059539,0
"324",2016-10-31,0.0172402649287271,1
"325",2016-11-01,-0.00559924020968161,0
"326",2016-11-02,-0.0255982504941707,0
"327",2016-11-03,0.00191836228205311,1
"328",2016-11-04,-0.0157419955106484,0
"329",2016-11-07,0.0388105765850257,1
"330",2016-11-08,0.00358624772354776,1
"331",2016-11-09,-0.0203516766315381,0
"332",2016-11-10,-0.0389678558168116,0
"333",2016-11-11,-0.00454978200104073,0
"334",2016-11-14,-0.0273527460301883,0
"335",2016-11-15,0.0330602737521444,1
"336",2016-11-16,0.00436321373625592,1
"337",2016-11-17,0.0131881608673403,1
"338",2016-11-18,0.00495853340622698,1
"339",2016-11-21,0.0257650177638649,1
"340",2016-11-22,0.00681011357549988,1
"341",2016-11-23,-0.00665628566402976,0
"342",2016-11-25,0.00032041218302048,1
"343",2016-11-28,-0.01758124691922,0
"344",2016-11-29,-0.00555814898431262,0
"345",2016-11-30,-0.0157958366717521,0
"346",2016-12-01,-0.00926240089099029,0
"347",2016-12-02,-0.00446094970362676,0
"348",2016-12-05,0.025366376885696,1
"349",2016-12-06,0.00703376233920761,1
"350",2016-12-07,0.00742608278790957,1
"351",2016-12-08,-0.00401881991066588,0
"352",2016-12-09,0.00173172525995913,1
"353",2016-12-12,-0.0111723949950848,0
"354",2016-12-13,0.0185347795150008,1
"355",2016-12-14,-0.00715420749951878,0
"356",2016-12-15,-0.010223523129044,0
"357",2016-12-16,-0.00425342194945877,0
"358",2016-12-19,0.0108022338283638,1
"359",2016-12-20,0.00679146922667329,1
"360",2016-12-21,-0.000804237919770578,0
"361",2016-12-22,-0.00554343032332216,0
"362",2016-12-23,-0.00753148733280451,0
"363",2016-12-27,0.0141125934950237,1
"364",2016-12-28,0.000945859219720901,1
"365",2016-12-29,-0.00908101170266828,0
"366",2016-12-30,-0.0201720728982018,0
"367",2017-01-03,0.00505473236030696,1
"368",2017-01-04,0.00464641277505962,1
"369",2017-01-05,0.0302696951395589,1
"370",2017-01-06,0.0197159186082612,1
"371",2017-01-09,0.00116766562006543,1
"372",2017-01-10,-0.00128069604214875,0
"373",2017-01-11,0.00391242180642593,1
"374",2017-01-12,0.018132024397187,1
"375",2017-01-13,0.00429243099567067,1
"376",2017-01-17,-0.00912198408710196,0
"377",2017-01-18,-0.00277021085871532,0
"378",2017-01-19,0.00193007018138136,1
"379",2017-01-20,-0.000877920386547437,0
"380",2017-01-23,0.0117452206735749,1
"381",2017-01-24,0.00555990139396911,1
"382",2017-01-25,0.016974919112692,1
"383",2017-01-26,0.00313905015967642,1
"384",2017-01-27,-0.00403602380939727,0
"385",2017-01-30,-0.00647004618065949,0
"386",2017-01-31,-0.00834419491056515,0
"387",2017-02-01,0.0107137581520593,1
"388",2017-02-02,0.00908938393679293,1
"389",2017-02-03,-0.0360612349630403,0
"390",2017-02-06,-0.00316471232494298,0
"391",2017-02-07,0.00599948094908775,1
"392",2017-02-08,0.00883473180465177,1
"393",2017-02-09,0.00201083871977126,1
"394",2017-02-10,0.00739930957337354,1
"395",2017-02-13,0.0109016238669906,1
"396",2017-02-14,-0.00016738875337019,0
"397",2017-02-15,0.00751600760294124,1
"398",2017-02-16,0.00170733836849024,1
"399",2017-02-17,0.00110109705939365,1
"400",2017-02-21,0.0133647926600897,1
"401",2017-02-22,-0.000969617793091793,0
"402",2017-02-23,-0.00400513830393745,0
"403",2017-02-24,-0.00818891014142764,0
"404",2017-02-27,0.00401448692496054,1
"405",2017-02-28,-0.00425114831209239,0
"406",2017-03-01,0.00946941217654729,1
"407",2017-03-02,-0.00490020783761214,0
"408",2017-03-03,0.00114202711105094,1
"409",2017-03-06,-0.0038550466775833,0
"410",2017-03-07,-0.000697098624209858,0
"411",2017-03-08,0.0052813882070879,1
"412",2017-03-09,0.00293513565576298,1
"413",2017-03-10,-0.000633234448275566,0
"414",2017-03-13,0.00249554031139354,1
"415",2017-03-14,-0.00241342018406687,0
"416",2017-03-15,0.000515909715342211,1
"417",2017-03-16,0.000527443342452472,1
"418",2017-03-17,-0.00130147815778958,0
"419",2017-03-20,0.00545257023986156,1
"420",2017-03-21,-0.0161986862920003,0
"421",2017-03-22,0.00574719362896658,1
"422",2017-03-23,-0.000802143437995895,0
"423",2017-03-24,-0.00209099953971759,0
"424",2017-03-27,0.0014299229059942,1
"425",2017-03-28,0.0107822105658979,1
"426",2017-03-29,0.0211760732328985,1
"427",2017-03-30,0.00230772492345999,1
"428",2017-03-31,0.0115720466460481,1
"429",2017-04-03,0.00559044456297553,1
"430",2017-04-04,0.0170383546957229,1
"431",2017-04-05,0.00269808923933024,1
"432",2017-04-06,-0.0121712534479164,0
"433",2017-04-07,-0.00379221933364171,0
"434",2017-04-10,0.0134968896606553,1
"435",2017-04-11,-0.00517298942412925,0
"436",2017-04-12,-0.00681648275023505,0
"437",2017-04-13,-0.0129823792486574,0
"438",2017-04-17,0.0193887475418171,1
"439",2017-04-18,0.00198257759016318,1
"440",2017-04-19,-0.0050805075456104,0
"441",2017-04-20,0.00317554199557968,1
"442",2017-04-21,-0.00392090755741492,0
"443",2017-04-24,0.00983423098946012,1
"444",2017-04-25,0.000231425381001849,1
"445",2017-04-26,0.00183826771286189,1
"446",2017-04-27,0.00994720276295347,1
"447",2017-04-28,0.0071716620631852,1
"448",2017-05-01,0.0248141519380871,1
"449",2017-05-02,-0.00136133245193815,0
"450",2017-05-03,-0.00626068444622785,0
"451",2017-05-04,-0.00372626260725095,0
"452",2017-05-05,-0.00361173766726886,0
"453",2017-05-08,0.015813873573876,1
"454",2017-05-09,0.00397509175993704,1
"455",2017-05-10,-0.00406989310298034,0
"456",2017-05-11,-0.00140255009107904,0
"457",2017-05-12,0.0143849489160477,1
"458",2017-05-15,-0.00352208968535539,0
"459",2017-05-16,0.0084198706330163,1
"460",2017-05-17,-0.0223053650320386,0
"461",2017-05-18,0.0144281814609437,1
"462",2017-05-19,0.00140751300445263,1
"463",2017-05-22,0.011219905160357,1
"464",2017-05-23,0.000895881573731216,1
"465",2017-05-24,0.00902720751181807,1
"466",2017-05-25,0.0132036483465363,1
"467",2017-05-26,0.00241310414808549,1
"468",2017-05-30,0.000923455238142523,1
"469",2017-05-31,-0.00208908437535715,0
"470",2017-06-01,0.00133631793229583,1
"471",2017-06-02,0.0107656461927128,1
"472",2017-06-05,0.00456877611091233,1
"473",2017-06-06,-0.00828070191176966,0
"474",2017-06-07,0.00702413333266083,1
"475",2017-06-08,0.000197999344645261,1
"476",2017-06-09,-0.0321463294590929,0
"477",2017-06-12,-0.013791786421133,0
"478",2017-06-13,0.0163235421814916,1
"479",2017-06-14,-0.00441434876072222,0
"480",2017-06-15,-0.0126763882008447,0
"481",2017-06-16,0.0241215446893728,1
"482",2017-06-19,0.00752440508519836,1
"483",2017-06-20,-0.00259584400103918,0
"484",2017-06-21,0.0096650605145161,1
"485",2017-06-22,-0.000928353537651638,0
"486",2017-06-23,0.00243386987916772,1
"487",2017-06-26,-0.00977122699983113,0
"488",2017-06-27,-0.0174555883528829,0
"489",2017-06-28,0.0137767608289598,1
"490",2017-06-29,-0.0146473827278752,0
"491",2017-06-30,-0.00815876808029881,0
"492",2017-07-03,-0.0149249017937274,0
"493",2017-07-05,0.018431169135404,1
"494",2017-07-06,-0.00646517054002782,0
"495",2017-07-07,0.0140132905052681,1
"496",2017-07-10,0.0179325301446562,1
"497",2017-07-11,-0.00235101688537753,0
"498",2017-07-12,0.0123762025428107,1
"499",2017-07-13,-0.00585910477328433,0
"500",2017-07-14,0.00117855529735245,1
"501",2017-07-17,0.00818155032051848,1
"502",2017-07-18,0.0141659231324942,1
"503",2017-07-19,0.00235950040603505,1
"504",2017-07-20,0.00178048573534983,1
"505",2017-07-21,-0.00294972103785796,0
"506",2017-07-24,0.0128644401166964,1
"507",2017-07-25,0.000885159931087287,1
"508",2017-07-26,0.0123576275996307,1
"509",2017-07-27,-0.00647996248873639,0
"510",2017-07-28,-0.0251315449969738,0
"511",2017-07-31,-0.0321370693811458,0
"512",2017-08-01,0.00847797420474983,1
"513",2017-08-02,-0.000301179671205354,0
"514",2017-08-03,-0.00904785955522236,0
"515",2017-08-04,0.000668558140880293,1
"516",2017-08-07,0.00473774446052655,1
"517",2017-08-08,-0.00245192664362204,0
"518",2017-08-09,-0.00794183939765514,0
"519",2017-08-10,-0.0258817261581505,0
"520",2017-08-11,0.0115019706869681,1
"521",2017-08-14,0.0156925032682889,1
"522",2017-08-15,-0.000569671035595576,0
"523",2017-08-16,-0.00465088352324106,0
"524",2017-08-17,-0.0181668294740378,0
"525",2017-08-18,-0.00218863271464809,0
"526",2017-08-21,-0.00541909634551185,0
"527",2017-08-22,0.0141759658218232,1
"528",2017-08-23,-0.00924732434023579,0
"529",2017-08-24,-0.0058101531870669,0
"530",2017-08-25,-0.00757759227776234,0
"531",2017-08-28,0.00080369911261613,1
"532",2017-08-29,0.00846282883740912,1
"533",2017-08-30,0.0140819112816803,1
"534",2017-08-31,0.0133561330045842,1
"535",2017-09-01,-0.00239934365179906,0
"536",2017-09-05,-0.0133573854205213,0
"537",2017-09-06,0.00261756628996146,1
"538",2017-09-07,0.0119861374763781,1
"539",2017-09-08,-0.0139512454037973,0
"540",2017-09-11,0.0124084578661616,1
"541",2017-09-12,0.00471299076765863,1
"542",2017-09-13,0.0171733922848301,1
"543",2017-09-14,-0.00742037434912568,0
"544",2017-09-15,-0.0054775720584308,0
"545",2017-09-18,-0.0128508700035734,0
"546",2017-09-19,-0.00445464282225316,0
"547",2017-09-20,0.00344819312455957,1
"548",2017-09-21,-0.00883454271389805,0
"549",2017-09-22,-0.00994934421603855,0
"550",2017-09-25,-0.0161595992716359,0
"551",2017-09-26,-0.00126704485047835,0
"552",2017-09-27,0.0129879719402695,1
"553",2017-09-28,0.00579891094768392,1
"554",2017-09-29,0.00516226097518047,1
"555",2017-10-02,-0.00224934126386156,0
"556",2017-10-03,-0.00218132626348044,0
"557",2017-10-04,0.00868647219187402,1
"558",2017-10-05,0.0158251918888368,1
"559",2017-10-06,0.00886110966029996,1
"560",2017-10-09,0.00142380550367882,1
"561",2017-10-10,-0.00383176806408514,0
"562",2017-10-11,0.00787007185187782,1
"563",2017-10-12,0.00594210264798001,1
"564",2017-10-13,0.00200612782179554,1
"565",2017-10-16,0.00338432492848462,1
"566",2017-10-17,0.0027685648883784,1
"567",2017-10-18,-0.0120930874833931,0
"568",2017-10-19,-0.0104759605971552,0
"569",2017-10-20,-0.00375727733833564,0
"570",2017-10-23,-0.0170431994395885,0
"571",2017-10-24,0.00988581415334,1
"572",2017-10-25,-0.00306859401466841,0
"573",2017-10-26,-0.000493466456381597,0
"574",2017-10-30,0.00895206749428201,1
"575",2017-10-31,-0.00502674366210432,0
"576",2017-11-01,-0.00144862308025484,0
"577",2017-11-02,-0.00860834552180112,0
"578",2017-11-03,0.0157586431239496,1
"579",2017-11-06,0.00811743050419622,1
"580",2017-11-07,0.00223725590592494,1
"581",2017-11-08,0.0086079836403643,1
"582",2017-11-09,-0.00331563823225967,0
"583",2017-11-10,-0.00335335205816722,0
"584",2017-11-13,0.00338881147377723,1
"585",2017-11-14,0.00676956523310235,1
"586",2017-11-15,-0.00896837545689078,0
"587",2017-11-16,0.00936419540112166,1
"588",2017-11-17,-0.0065368368867027,0
"589",2017-11-20,-0.0031645817754935,0
"590",2017-11-21,0.0116339300657042,1
"591",2017-11-22,0.0145234132744445,1
"592",2017-11-24,0.0254821021907015,1
"593",2017-11-27,0.00825416758723652,1
"594",2017-11-28,-0.00186653780265011,0
"595",2017-11-29,-0.0274596793197599,0
"596",2017-11-30,0.0132421502587539,1
"597",2017-12-01,-0.0123126040510089,0
"598",2017-12-04,-0.0247367278371549,0
"599",2017-12-05,0.00669739121416857,1
"600",2017-12-06,0.00939885412223695,1
"601",2017-12-07,0.00643567312621496,1
"602",2017-12-08,0.00190367055614793,1
"603",2017-12-11,0.00593762480059112,1
"604",2017-12-12,-0.00329056680804118,0
"605",2017-12-13,-0.000815685205349581,0
"606",2017-12-14,0.00866413926187803,1
"607",2017-12-15,0.00414720144687575,1
"608",2017-12-18,0.00965517446062769,1
"609",2017-12-19,-0.00269134298642992,0
"610",2017-12-20,-0.00825375510181736,0
"611",2017-12-21,-0.00243156837166225,0
"612",2017-12-22,-0.00546283667055558,0
"613",2017-12-26,0.0071638644868095,1
"614",2017-12-27,0.00466296166968139,1
"615",2017-12-28,0.00324272440638484,1
"616",2017-12-29,-0.0141199638912202,0
"617",2018-01-02,0.0165704065850756,1
"618",2018-01-03,0.0126943688447279,1
"619",2018-01-04,0.00446602574719801,1
"620",2018-01-05,0.0160333189463975,1
"621",2018-01-08,0.014321657002057,1
"622",2018-01-09,0.00466477569955082,1
"623",2018-01-10,0.0013003476545137,1
"624",2018-01-11,0.0176614702243336,1
"625",2018-01-12,0.0220932475635429,1
"626",2018-01-16,-0.000260504364081982,0
"627",2018-01-17,-0.00758504867930565,0
"628",2018-01-18,-0.00129818126892811,0
"629",2018-01-19,0.000973770352238112,1
"630",2018-01-22,0.0249680979293982,1
"631",2018-01-23,0.0261962513812986,1
"632",2018-01-24,-0.00369848689775409,0
"633",2018-01-25,0.0149447052550977,1
"634",2018-01-26,0.017338634360538,1
"635",2018-01-29,0.0110862845119639,1
"636",2018-01-30,0.0141062692791705,1
"637",2018-01-31,0.00904913152594755,1
"638",2018-02-01,-0.0428734244378708,0
"639",2018-02-02,0.0283356972160265,1
"640",2018-02-05,-0.0283356972160265,0
"641",2018-02-06,0.0373096228259628,1
"642",2018-02-07,-0.0182266584312263,0
"643",2018-02-08,-0.0479118172868036,0
"644",2018-02-09,-0.00810385022841675,0
"645",2018-02-12,0.034216773716544,1
"646",2018-02-13,0.0201953707013338,1
"647",2018-02-14,0.0255042776308061,1
"648",2018-02-15,0.00735372993561167,1
"649",2018-02-16,-0.00898153693160531,0
"650",2018-02-20,0.0134796459737281,1
"651",2018-02-21,0.00987384161670501,1
"652",2018-02-22,0.00163053272151981,1
"653",2018-02-23,0.00982142872140468,1
"654",2018-02-26,0.0145272670849987,1
"655",2018-02-27,-0.00657233826422221,0
"656",2018-02-28,0.000310783198490761,1
"657",2018-03-01,-0.0126419732301839,0
"658",2018-03-02,0.0045429139902371,1
"659",2018-03-05,0.0154507482707169,1
"660",2018-03-06,0.00916627406068393,1
"661",2018-03-07,0.00477512713082273,1
"662",2018-03-08,0.00443029149110874,1
"663",2018-03-09,0.0172678761618377,1
"664",2018-03-12,0.0122748040181131,1
"665",2018-03-13,-0.00640814149233648,0
"666",2018-03-14,0.00177400882721823,1
"667",2018-03-15,-0.00547065899173749,0
"668",2018-03-16,-0.00674694506135154,0
"669",2018-03-19,-0.0171665084695913,0
"670",2018-03-20,0.0265580046745297,1
"671",2018-03-21,-0.00293528113573061,0
"672",2018-03-22,-0.0236292028175233,0
"673",2018-03-23,-0.0324713994599914,0
"674",2018-03-26,0.0395276796799875,1
"675",2018-03-27,-0.0385319000298843,0
"676",2018-03-28,-0.044829548446125,0
"677",2018-03-29,0.0110603761600503,1
"678",2018-04-03,0.0145152826485404,1
"679",2018-04-04,0.0132163237304104,1
"680",2018-04-05,0.0287758855323608,1
"681",2018-04-06,-0.032568749046801,0
"682",2018-04-09,0.000604683258160321,1
"683",2018-04-10,0.0212089825609425,1
"684",2018-04-11,-0.00640523128249537,0
"685",2018-04-12,0.0149191274674392,1
"686",2018-04-13,-0.012301771688306,0
"687",2018-04-16,0.0074574715573581,1
"688",2018-04-17,0.0423309198692197,1
"689",2018-04-18,0.015839793000576,1
"690",2018-04-19,0.01884815858498,1
"691",2018-04-20,-0.0190772507004437,0
"692",2018-04-23,-0.00632442062664929,0
"693",2018-04-24,-0.0388033838542805,0
"694",2018-04-25,5.48430617453022e-05,1
"695",2018-04-26,0.0388144050412809,1
"696",2018-04-27,0.0353757126344432,1
"697",2018-04-30,-0.00413540374294108,0
"698",2018-05-01,0.0102465997228913,1
"699",2018-05-02,-0.00798239975551684,0
"700",2018-05-03,0.001527743977352,1
"701",2018-05-04,0.00562634587078925,1
"702",2018-05-07,0.0120652336122475,1
"703",2018-05-08,-0.00485509307709275,0
"704",2018-05-09,0.00975512904185383,1
"705",2018-05-10,0.000671388995820976,1
"706",2018-05-11,-0.00384181121856653,0
"707",2018-05-14,-0.000855057842850115,0
"708",2018-05-15,-0.0159995631945247,0
"709",2018-05-16,0.00705575027767136,1
"710",2018-05-17,-0.00348372031579647,0
"711",2018-05-18,-0.00468296837814641,0
"712",2018-05-21,0.00701937236459482,1
"713",2018-05-22,-0.00256401561386266,0
"714",2018-05-23,0.0128548988705948,1
"715",2018-05-24,0.000755062409185214,1
"716",2018-05-25,0.00440685015294218,1
"717",2018-05-29,0.00168784036691605,1
"718",2018-05-30,0.00742493278342149,1
"719",2018-05-31,0.00290672532318936,1
"720",2018-06-01,0.00728799363956778,1
"721",2018-06-04,0.0143524350808395,1
"722",2018-06-05,0.0184915853975136,1
"723",2018-06-06,-0.000353749011233084,0
"724",2018-06-07,-0.00381084989141023,0
"725",2018-06-08,-0.00314829933069571,0
"726",2018-06-11,0.00304170867718057,1
"727",2018-06-12,0.0056850061840894,1
"728",2018-06-13,0.00359030064560883,1
"729",2018-06-14,0.0110829666173284,1
"730",2018-06-15,-0.00458745225074875,0
